34103,CLLI
34191,CBRU
34388,CFON
34417,CLLI
34572,CLLI
34598,CSOR
34661,CLLI
33180,CFON
33187,CSOR
33195,CSOR
33997,CLLI
33998,CLLI
34218,CFON
34267,CLLI
34386,CBRU
34386,CFON
35069,CLLI
36075,CSOR
44377,CBRU
33323,CLLI
33329,CFON
47247,CPAL
51766,CPAL
54216,CBEU
54221,CBEU
54311,CPAL
54501,CPAL
54521,CBEU
54531,CPAL
54581,CBEU
54601,CPAL
54621,CBEU
54632,CBEU
54641,CBEU
54686,CPAL
54691,CPAL
54691,CBEU
54741,CBEU
54751,CPAL
54811,CPAL
54854,CBEU
54861,CBEU
55064,CBEU
55167,CBEU
55814,CBEU
55867,CBEU
55927,CBEU
56082,CPAL
56226,CBEU
56866,CBEU
56911,CBEU
56933,CPAL
57037,CPAL
57073,CPAL
57176,CBEU
57236,CPAL
58806,CPAL
58847,CBEU
58998,CBEU
59045,CBEU
59080,CBEU
46097,ARBS
46106,CPAL
46339,CPAL
46838,CORI
46843,CPAL
47222,CPAL
61433,CBEU
61485,CBEU
61536,CBEU
61587,CBEU
61720,CPAL
61794,CPAL
61896,CBEU
61961,CCAS
61969,CCAS
61977,CCAS
61997,CCAS
62051,CARA
62051,CEST
62051,CSOR
62051,CORG
62051,ARBS
62051,CLLI
62051,CORI
62058,CCAS
62065,CCAS
62075,CCAS
62082,CCAS
62087,CCAS
62088,CCAS
62089,CCAS
62092,CCAS
62093,CPAL
62140,CCAS
62157,CCAS
62202,CCAS
62203,CCAS
62217,CCAS
62225,CCAS
62227,CCAS
62255,CCAS
62281,CCAS
62283,CCAS
62302,CCAS
62376,CCAS
62381,CCAS
62387,CCAS
62389,CCAS
62393,CCAS
62405,CCAS
62409,CCAS
62422,CCAS
62435,CCAS
62448,CCAS
62450,CCAS
62618,CCAS
62619,CCAS
62620,CCAS
62621,CCAS
62622,CCAS
66407,CLLI
66407,CBEU
67010,CBRU
67010,CFON
67210,CBRU
67596,CAVN
67632,CAVN
67906,CBRU
68717,CFON
68717,CBRU
68774,CBRU
68785,CBRU
68857,CBRU
68863,CBRU
68883,CBRU
68896,CBRU
69143,CBRU
69374,CBRU
71468,CGAR
71479,CFON
72387,CBRU
78038,CLLI
78046,CLLI
78054,CLLI
78083,CLLI
78154,CLLI
78211,CLLI
78247,CLLI
78503,CLLI
78505,CLLI
78508,CLLI
78516,CLLI
78518,CLLI
78540,CLLI
78541,CLLI
78543,CLLI
78559,CLLI
78644,CLLI
78662,CLLI
78673,CLLI
78683,CLLI
78685,CLLI
78693,CLLI
78712,CLLI
78767,CLLI
78772,CLLI
78784,CLLI
78824,CLLI
78898,CLLI
79034,CLLI
79066,CLLI
79071,CLLI
79073,CLLI
79086,CLLI
79088,CLLI
79089,CLLI
79128,CLLI
79134,CLLI
79140,CLLI
79150,CLLI
79158,CLLI
79159,CLLI
79179,CLLI
79182,CLLI
79191,CLLI
79192,CLLI
79202,CLLI
79232,CLLI
79236,CLLI
79279,CLLI
79291,CLLI
79299,CLLI
79300,CLLI
79301,CLLI
79303,CLLI
79304,CLLI
79307,CLLI
79313,CLLI
79314,CLLI
79330,CLLI
79333,CLLI
79371,CLLI
79372,CLLI
79383,CLLI
79386,CLLI
79395,CLLI
79399,CLLI
79413,CLLI
79471,CLLI
79486,CLLI
79503,CLLI
79509,CLLI
79524,CLLI
79549,CLLI
79562,CLLI
79569,CLLI
79577,CLLI
79578,CLLI
79580,CLLI
79587,CLLI
79599,CLLI
79659,CLLI
79680,CLLI
79691,CLLI
79699,CLLI
79700,CLLI
79703,CLLI
79706,CLLI
79707,CLLI
79718,CLLI
79719,CLLI
79720,CLLI
79737,CLLI
79738,CLLI
79745,CLLI
79764,CLLI
79775,CLLI
79779,CLLI
79783,CLLI
79784,CLLI
79787,CLLI
79800,CLLI
79805,CLLI
79829,CLLI
79832,CLLI
79859,CLLI
79868,CLLI
79871,CLLI
79874,CLLI
79875,CLLI
79880,CLLI
79881,CLLI
79885,CLLI
79889,CLLI
79895,CLLI
79926,CLLI
79934,CLLI
79939,CLLI
79951,CLLI
79952,CLLI
79962,CLLI
79963,CLLI
79992,CLLI
79999,CLLI
80006,CLLI
80015,CLLI
80028,CLLI
80029,CLLI
80035,CLLI
80036,CLLI
80047,CLLI
80077,CLLI
80078,CLLI
80085,CLLI
80086,CLLI
80090,CLLI
80091,CLLI
80094,CLLI
80108,CLLI
80110,CLLI
80112,CLLI
80113,CLLI
80119,CLLI
80126,CLLI
80128,CLLI
80130,CLLI
80132,CLLI
80146,CLLI
80147,CLLI
80150,CLLI
80160,CLLI
80185,CLLI
80189,CLLI
80200,CLLI
80202,CLLI
80209,CLLI
80210,CLLI
80225,CLLI
80227,CLLI
80228,CLLI
80235,CLLI
80241,CLLI
80242,CLLI
80248,CLLI
80255,CLLI
80256,CLLI
80259,CLLI
80269,CLLI
80286,CLLI
80289,CLLI
80295,CLLI
80313,CLLI
80321,CLLI
80343,CLLI
80354,CLLI
80356,CLLI
80361,CLLI
80362,CLLI
80363,CLLI
80366,CLLI
80368,CLLI
80369,CLLI
80371,CLLI
80372,CLLI
80379,CLLI
80380,CLLI
80381,CLLI
80384,CLLI
80386,CLLI
80389,CLLI
80391,CLLI
80392,CLLI
80420,CLLI
80421,CLLI
80428,CLLI
80429,CLLI
80430,CLLI
80431,CLLI
80438,CLLI
80443,CLLI
80445,CLLI
80453,CLLI
80460,CLLI
80461,CLLI
80462,CLLI
80463,CLLI
80467,CLLI
80470,CLLI
80481,CLLI
80491,CLLI
80492,CLLI
80499,CLLI
80500,CLLI
80503,CLLI
80506,CLLI
80508,CLLI
80510,CLLI
80511,CLLI
80512,CLLI
80513,CLLI
80518,CLLI
80519,CLLI
80521,CLLI
80523,CLLI
80531,CLLI
80534,CLLI
80536,CLLI
80543,CLLI
80546,CLLI
80547,CLLI
80557,CLLI
80558,CLLI
80561,CLLI
80566,CLLI
80592,CLLI
80613,CLLI
80626,CLLI
80631,CLLI
80633,CLLI
80637,CLLI
80649,CLLI
80651,CLLI
80656,CLLI
80668,CLLI
80683,CLLI
80704,CLLI
80718,CLLI
80720,CLLI
80721,CLLI
80731,CLLI
80738,CLLI
80744,CLLI
80749,CLLI
80757,CLLI
80758,CLLI
80761,CLLI
80762,CLLI
80769,CLLI
80774,CLLI
80782,CLLI
80787,CLLI
80791,CLLI
80793,CLLI
80795,CLLI
80810,CLLI
80817,CLLI
80822,CLLI
80831,CLLI
80840,CLLI
80843,CLLI
80850,CLLI
80857,CLLI
80858,CLLI
80860,CLLI
80861,CLLI
80866,CLLI
80889,CLLI
80898,CLLI
80899,CLLI
80911,CBRU
80916,CLLI
80931,CLLI
80941,CLLI
80943,CLLI
80958,CEST
80958,CTRE
80968,CLLI
80968,CPAL
80976,CPAL
80977,CLLI
80979,CLLI
80979,CPAL
80980,CPAL
80980,CLLI
80995,CLLI
80995,CFON
81002,CLLI
81004,CLLI
81006,CLLI
81007,CLLI
81018,CBRU
81018,CLLI
81031,CLLI
81034,CLLI
81035,CLLI
81036,CLLI
81037,CLLI
81039,CLLI
81041,CLLI
81045,CLLI
81052,CLLI
81053,CLLI
81055,CLLI
81059,CPAL
81060,CLLI
81066,CLLI
81068,CLLI
81073,CBUD
81073,CLLI
81074,CLLI
81076,CLLI
81082,CFAR
81083,CLLI
81092,CFAR
81107,CLLI
81126,CLLI
81155,CLLI
81156,CLLI
81162,CLLI
81163,CLLI
81174,CBRU
81174,CLLI
81175,CLLI
81178,CLLI
81183,CLLI
81185,CBRU
81185,ARBS
81185,CBEU
81185,CORG
81185,CAVN
81196,CLLI
81199,CLLI
81200,CLLI
81206,CLLI
81207,CLLI
81213,CLLI
81214,CLLI
81215,CLLI
81218,FBR
81218,CLLI
81221,CLLI
81225,CLLI
81238,CLLI
81243,CLLI
81247,CLLI
81283,CLLI
81293,CLLI
81298,CLLI
81305,CLLI
81306,CLLI
81308,CLLI
81326,CLLI
81334,CLLI
81344,CLLI
81350,CLLI
81353,CLLI
81354,CLLI
81357,CLLI
81358,CLLI
81364,CLLI
81366,CLLI
81367,CLLI
81367,CBRU
81391,CLLI
81396,CLLI
81424,CLLI
81428,CLLI
81430,CLLI
81431,CLLI
81433,CLLI
81436,CBRU
81437,CLLI
81442,CLLI
81443,CLLI
81449,CLLI
81450,CLLI
81460,CLLI
81462,CLLI
81463,CLLI
81464,CLLI
81465,CLLI
81474,CLLI
81475,CGAR
81480,CLLI
81480,CTRE
81481,CLLI
81489,CLLI
81504,CLLI
81506,CLLI
81507,CLLI
81509,CLLI
81510,CLLI
81514,CLLI
81514,CBRU
81516,CLLI
81517,CLLI
81518,CLLI
81518,CBRU
81519,CLLI
81520,CLLI
81529,CLLI
81529,CBRU
81533,CLLI
81548,CLLI
81550,CLLI
81550,CBRU
81551,CLLI
81551,CBRU
81552,CLLI
81553,CLLI
81558,CBRU
81558,CLLI
81561,CLLI
81562,CBRU
81562,CLLI
81566,CLLI
81566,CBRU
81567,CLLI
81573,CLLI
81575,CLLI
81585,CLLI
81587,CLLI
81594,CLLI
81599,CLLI
81600,CLLI
81601,CLLI
81602,CLLI
81604,CLLI
81605,CLLI
81606,CLLI
81607,CBRU
81607,CLLI
81612,CLLI
81613,CLLI
81617,CLLI
81624,FBR
81624,CLLI
81629,CLLI
81652,CFAR
81653,CBRU
81653,CLLI
81654,CLLI
81665,CLLI
81670,CGAR
81670,CLLI
81671,CLLI
81673,CGAR
81673,CLLI
81674,CGAR
81676,CLLI
81680,CLLI
81680,CBRU
81685,CLLI
81692,CLLI
81692,CBRU
81693,CLLI
81694,CLLI
81697,CLLI
81699,CLLI
81700,CLLI
81700,CBRU
81701,CLLI
81707,CLLI
81717,CBRU
81717,CLLI
81723,CBRU
81725,CLLI
81730,CBRU
81730,CLLI
81737,CLLI
81752,CLLI
81752,CBRU
81753,CBRU
81753,CLLI
81768,CLLI
81768,CBRU
81774,CLLI
81783,CLLI
81788,CLLI
81798,CLLI
81801,CBRU
81802,CBRU
81803,CLLI
81814,CLLI
81815,CSOR
81815,ARBS
81816,CBRU
81816,CLLI
81823,CLLI
81835,CBRU
81835,CLLI
81836,CLLI
81836,CBRU
81836,CORI
81837,CLLI
81840,FBR
81840,CLLI
81843,CLLI
81844,CLLI
81846,CLLI
81850,CLLI
81852,CLLI
81854,CLLI
81855,CLLI
81856,CLLI
81864,CLLI
81874,CBRU
81874,CLLI
81877,CBRU
81877,CLLI
81878,CBRU
81880,CLLI
81893,CLLI
81893,CMAS
81895,CLLI
81902,CLLI
81902,CBRU
81903,CTRE
81905,CGAR
81906,CLLI
81906,CBRU
81907,CLLI
81911,CLLI
81914,CLLI
81921,CLLI
81923,CLLI
81923,CTRE
81929,CLLI
81930,CLLI
81931,CLLI
81934,CLLI
81935,CBRU
81935,CLLI
81943,CLLI
81951,CLLI
81951,CBRU
81953,CLLI
81960,CLLI
81974,VIES
81974,CTRE
81974,CSOR
81974,CEST
81974,CAVN
81974,CMAS
81977,CBRU
81977,CLLI
81980,CBRU
81980,CLLI
81981,CLLI
81990,CLLI
81991,CLLI
81992,CLLI
81995,CBRU
81995,CLLI
81997,CBRU
82010,CLLI
82010,CBRU
82011,CBRU
82011,CLLI
82012,CBRU
82012,CLLI
82013,CBRU
82013,CLLI
82019,CLLI
82021,CLLI
82021,CBRU
82028,CLLI
82076,CLLI
82086,CBRU
82086,CLLI
82087,CLLI
82088,CBRU
82089,CBRU
82089,CLLI
82090,CLLI
82095,CBRU
82095,CLLI
82103,CLLI
82104,CLLI
82105,CLLI
82106,CORI
82106,CLLI
82118,CBEU
82118,CLLI
82130,CLLI
82134,CLLI
82138,CLLI
82140,CLLI
82141,CBRU
82144,CLLI
82144,CORG
82147,CLLI
82149,CLLI
82150,CLLI
82158,CLLI
82160,CLLI
82161,CLLI
82163,CGAR
82163,CLLI
82167,CLLI
82168,CLLI
82169,CLLI
82175,CLLI
82176,CLLI
82178,CBRU
82178,CLLI
82179,CLLI
82179,CBRU
82180,CLLI
82181,CLLI
82195,CLLI
82197,CBRU
82204,CLLI
82206,CLLI
82210,CLLI
82211,CLLI
82212,CLLI
82218,CLLI
82218,CPAL
82221,CLLI
82221,CBRU
82228,CBRU
82228,CLLI
82234,CLLI
82237,CLLI
82244,CLLI
82255,CLLI
82265,CORG
82265,CLLI
82266,CLLI
82277,CLLI
82298,CGAR
82298,CLLI
82299,CLLI
82310,CLLI
82311,CLLI
82312,CBRU
82312,CLLI
82328,CBRU
82328,CLLI
82331,CLLI
82347,CLLI
82347,CBRU
82347,CGAR
82350,CLLI
82350,CGAR
82364,CLLI
82366,CLLI
82380,CLLI
82384,CLLI
82386,CLLI
82389,CBRU
82389,CLLI
82390,CBRU
82390,CLLI
82399,CLLI
82400,CLLI
82401,CLLI
82408,CBRU
82408,CLLI
82412,CBRU
82412,CLLI
82413,CBRU
82413,CLLI
82415,CLLI
82417,CLLI
82418,CLLI
82424,CLLI
82426,CLLI
82428,CCAS
82428,CLLI
82432,CLLI
82444,CLLI
82451,CLLI
82458,CLLI
82459,CLLI
82465,CLLI
82468,CLLI
82482,CLLI
82503,CBRU
82507,CLLI
82508,CLLI
82509,CLLI
82511,CLLI
82511,CBRU
82522,CLLI
82530,CLLI
82531,CLLI
82538,CLLI
82543,CBRU
82543,CGAR
82543,CLLI
82548,CLLI
82553,CLLI
82553,CBRU
82560,CLLI
82566,CLLI
82566,CBRU
82588,CLLI
82597,CLLI
82598,CLLI
82600,CGAR
82601,CGAR
82601,CLLI
82614,CLLI
82617,CLLI
82623,CLLI
82631,CLLI
82639,CLLI
82644,ARBS
82644,CARA
82644,CBRU
82645,CLLI
82662,CLLI
82662,CORI
82669,CARA
82671,CLLI
82678,CLLI
82679,CLLI
82679,CBRU
82685,CLLI
82685,CBRU
82697,CLLI
82698,CLLI
82701,CBRU
82701,CLLI
82706,CLLI
82707,CLLI
82709,CLLI
82711,CLLI
82712,CLLI
82727,CLLI
82727,CBUD
82727,CFAR
82730,CLLI
82731,CLLI
82737,CLLI
82739,CLLI
82740,CLLI
82753,CLLI
82756,CLLI
82756,CBRU
82761,CLLI
82773,CLLI
82794,CLLI
82795,CLLI
82806,CLLI
82836,CARA
82836,CLLI
82842,CLLI
82843,CLLI
82844,CLLI
82847,CLLI
82847,CBRU
82849,CLLI
82863,CLLI
82863,CBRU
82872,CLLI
82873,CLLI
82873,CBRU
82892,CBRU
82892,CLLI
82899,CLLI
82904,CLLI
82941,CBRU
82941,CLLI
82961,CBRU
82961,CLLI
82968,CLLI
82972,CLLI
82978,CLLI
82978,CBRU
82979,CLLI
82979,CBRU
82982,CLLI
82985,CLLI
83000,CLLI
83008,CLLI
83008,CBRU
83009,CLLI
83009,CBRU
83011,CLLI
83011,CBRU
83015,CLLI
83020,CLLI
83032,CLLI
83032,CBRU
83042,CLLI
83043,CLLI
83046,CLLI
83053,CLLI
83054,CARA
83054,CLLI
83054,CBRU
83055,CARA
83058,CLLI
83059,CLLI
83063,CLLI
83063,CBRU
83065,CLLI
83079,CBRU
83079,CLLI
83085,CARA
83085,CLLI
83090,CLLI
83094,CORG
83094,CLLI
83094,CORI
83094,CGAR
83110,CBRU
83110,CLLI
83112,CBRU
83112,CLLI
83113,CBRU
83113,CLLI
83128,CLLI
83129,CLLI
83129,CBRU
83130,CLLI
83130,CBRU
83154,CBRU
83154,CLLI
83159,CTRE
83159,CLLI
83161,CTRE
83161,CLLI
83161,CBRU
83162,CLLI
83162,CBRU
83169,CLLI
83193,CLLI
83193,CBRU
83202,CLLI
83203,CLLI
83208,CBRU
83208,CLLI
83208,CARA
83218,CLLI
83219,CBRU
83219,CLLI
83220,CLLI
83221,CLLI
83224,CLLI
83229,CLLI
83234,CLLI
83239,CEST
83245,CLLI
83248,CLLI
83249,CLLI
83249,CBRU
83260,CLLI
83261,CBRU
83261,CLLI
83263,CBEU
83263,CLLI
83270,CLLI
83281,CLLI
83282,CSOR
83283,CLLI
83283,CBRU
83285,CLLI
83292,CLLI
83294,CLLI
83297,CLLI
83307,CLLI
83307,CBRU
83309,CLLI
83309,CBRU
83311,CLLI
83324,CLLI
83326,CSOR
83326,CAVN
83326,CLLI
83327,CSOR
83329,CARA
83336,CLLI
83340,CLLI
83342,CLLI
83361,CLLI
83362,CLLI
83362,CBRU
83364,CLLI
83364,CBRU
83366,CLLI
83367,CLLI
83376,CLLI
83377,CLLI
83378,CLLI
83380,CLLI
83381,CLLI
83381,CBRU
83385,CLLI
83391,CLLI
83398,CLLI
83404,CLLI
83407,CLLI
83412,CLLI
83417,CBRU
83417,CLLI
83418,CLLI
83419,CBRU
83419,CLLI
83425,CLLI
83425,CBRU
83449,CLLI
83449,CBRU
83452,CLLI
83456,CLLI
83465,CGIR
83465,FBR
83465,CLLI
83469,CLLI
83480,CLLI
83481,CSOR
83481,ARBS
83481,CLLI
83481,CAVN
83482,CLLI
83483,CLLI
83491,CBRU
83491,CLLI
83493,CLLI
83494,CORI
83494,CLLI
83495,CLLI
83499,CLLI
83504,CBRU
83504,CLLI
83506,CLLI
83513,CLLI
83545,CLLI
83546,CLLI
83554,CLLI
83559,CLLI
83561,CLLI
83564,CLLI
83576,CARA
83577,CBRU
83581,CLLI
83586,CLLI
83587,CLLI
83588,CLLI
83596,CORG
83606,CLLI
83607,CBRU
83607,CLLI
83617,CLLI
83622,CLLI
83628,CLLI
83636,CLLI
83637,CLLI
83649,CLLI
83655,CLLI
83658,CLLI
83663,CLLI
83688,CLLI
83698,CLLI
83699,CLLI
83701,CLLI
83721,CARA
83724,CLLI
83736,CLLI
83764,CLLI
83765,CLLI
83767,CLLI
83779,CLLI
83795,CLLI
83818,CARA
83818,CEST
83818,CTRE
83827,CARA
83835,CBRU
83835,CLLI
83850,CLLI
83850,CBRU
83875,CLLI
83876,CBRU
83876,CLLI
83877,CLLI
83883,CLLI
83899,CBRU
83899,CLLI
83906,CLLI
83913,CLLI
83916,CLLI
83918,CLLI
83920,CLLI
83923,CBRU
83923,CLLI
83927,CLLI
83928,CLLI
83931,CLLI
83932,CLLI
83935,CLLI
83936,CLLI
83937,CLLI
83938,CLLI
83939,CLLI
83940,CLLI
83953,CLLI
83956,CLLI
83957,CLLI
83971,CLLI
83972,CLLI
83978,CLLI
83981,CLLI
83986,CLLI
83992,CLLI
83995,CLLI
84012,CLLI
84016,CARA
84016,CLLI
84022,CLLI
84027,CLLI
84030,CLLI
84032,CLLI
84038,CLLI
84041,CLLI
84042,CLLI
84053,CLLI
84066,CLLI
84070,CLLI
84076,CLLI
84086,CBRU
84086,CLLI
84088,CLLI
84091,CLLI
84095,CLLI
84110,CLLI
84117,CLLI
84118,CLLI
84121,CLLI
84122,CLLI
84123,CLLI
84128,CLLI
84133,CLLI
84146,CLLI
84148,CBRU
84148,CLLI
84156,CLLI
84158,CBRU
84158,CLLI
84163,CLLI
84165,CLLI
84167,CLLI
84169,CLLI
84171,CLLI
84173,CLLI
84174,CLLI
84179,CLLI
84189,CLLI
84195,CLLI
84196,CLLI
84200,CLLI
84205,CLLI
84206,CLLI
84211,CLLI
84215,CLLI
84219,CLLI
84225,CLLI
84227,CLLI
84229,CLLI
84231,CLLI
84239,CARA
84239,CSOR
84239,CLLI
84242,CLLI
84245,CLLI
84249,CARA
84250,CAVN
84253,CLLI
84256,CAVN
84256,CLLI
84256,CBRU
84260,CLLI
84265,CAVN
84265,CLLI
84266,CAVN
84266,CLLI
84267,CAVN
84267,CLLI
84278,CLLI
84286,CLLI
84287,CLLI
84334,CLLI
84334,CBRU
84335,CLLI
84335,CBRU
84352,CLLI
84357,CLLI
84357,CBRU
84358,CLLI
84359,CLLI
84379,CLLI
84394,CLLI
84402,CORG
84402,CLLI
84403,CLLI
84404,CLLI
84413,CLLI
84414,CLLI
84419,CLLI
84423,CLLI
84424,CLLI
84424,CBRU
84425,CLLI
84425,CBRU
84428,CLLI
84429,CLLI
84430,CLLI
84433,CLLI
84434,CLLI
84441,CLLI
84442,CLLI
84448,CLLI
84454,CLLI
84455,CLLI
84457,CEST
84457,CSOR
84457,CLLI
84459,CLLI
84463,CLLI
84467,CLLI
84478,CLLI
84481,CLLI
84484,CLLI
84485,CLLI
84493,CLLI
84494,CLLI
84502,CLLI
84508,CLLI
84514,CLLI
84521,CLLI
84526,CLLI
84527,CLLI
84528,CLLI
84529,CLLI
84543,CLLI
84550,CLLI
84558,CLLI
84561,CLLI
84569,CLLI
84573,CLLI
84577,CLLI
84579,CLLI
84584,CLLI
84587,CLLI
84592,CLLI
84611,CLLI
84620,CLLI
84625,CLLI
84625,CBRU
84628,CLLI
84630,CLLI
84631,VIES
84631,CTRM
84631,CLLI
84631,CMON
84636,CLLI
84643,CLLI
84644,CLLI
84649,CLLI
84668,CLLI
84673,CLLI
84679,CBRU
84679,CLLI
84681,CLLI
84685,CLLI
84691,CLLI
84705,CFAR
84706,CLLI
84709,CLLI
84715,CBRU
84715,CLLI
84717,CLLI
84730,CLLI
84731,CLLI
84733,CLLI
84734,CLLI
84742,CLLI
84743,CLLI
84744,CLLI
84745,CLLI
84755,CLLI
84758,CLLI
84760,CLLI
84767,CLLI
84769,CLLI
84777,CLLI
84792,CLLI
84797,CLLI
84798,CLLI
84805,CLLI
84806,CLLI
84807,CLLI
84833,CLLI
84837,CLLI
84839,CLLI
84857,CLLI
84866,CLLI
84874,CLLI
84876,CLLI
84881,CLLI
84889,CBRU
84889,CLLI
84890,CLLI
84891,CLLI
84892,CLLI
84893,CLLI
84905,CLLI
84906,CLLI
84911,CBRU
84914,CLLI
84917,CLLI
84921,CLLI
84923,CLLI
84927,CLLI
84942,CLLI
84948,CLLI
84952,CLLI
84963,CLLI
84976,CLLI
84977,CLLI
85005,CLLI
85006,CLLI
85008,CLLI
85011,CLLI
85013,CLLI
85018,CLLI
85038,CLLI
85044,CLLI
85045,CLLI
85054,CLLI
85064,CLLI
85065,CLLI
85074,CLLI
85077,CLLI
85077,CBRU
85088,CBRU
85088,CLLI
85090,CLLI
85090,CBRU
85102,CLLI
85103,CLLI
85107,CLLI
85115,CLLI
85127,CLLI
85128,CLLI
85136,CLLI
85138,CBRU
85138,CLLI
85150,CLLI
85154,CLLI
85156,CGIS
85156,CBRU
85156,CLLI
85160,CBRU
85160,CLLI
85161,CLLI
85166,CLLI
85168,CLLI
85182,CLLI
85188,CBRU
85194,CLLI
85197,CLLI
85207,CLLI
85208,CLLI
85211,CLLI
85212,CBRU
85213,CLLI
85216,CLLI
85232,CLLI
85237,CLLI
85237,CBRU
85238,CBRU
85243,CBRU
85243,CLLI
85244,CLLI
85244,CBRU
85245,CLLI
85245,CBRU
85248,CLLI
85249,CLLI
85249,CBRU
85250,CLLI
85251,CLLI
85251,CBRU
85252,CLLI
85259,CLLI
85282,CBRU
85282,CLLI
85298,CLLI
85302,CBRU
85303,CLLI
85304,CBRU
85304,CLLI
85319,CLLI
85326,CLLI
85330,CLLI
85331,CLLI
85353,CBRU
85356,CLLI
85356,CBRU
85366,CLLI
85383,CLLI
85408,CLLI
85411,CLLI
85416,CLLI
85417,CLLI
85424,CSOR
85424,CLLI
85426,CLLI
85427,CLLI
85428,CLLI
85429,CBRU
85429,CLLI
85430,CLLI
85438,CLLI
85446,CLLI
85449,CLLI
85452,CLLI
85463,CBRU
85463,CARA
85463,CPAL
85464,CLLI
85464,CBRU
85464,CARA
85465,CLLI
85465,CBRU
85466,CLLI
85467,CLLI
85468,CLLI
85469,CLLI
85470,CLLI
85471,CLLI
85475,CLLI
85477,CLLI
85480,CLLI
85482,CLLI
85485,CLLI
85493,CLLI
85503,CLLI
85508,CLLI
85509,CBRU
85510,CBRU
85510,CLLI
85511,CLLI
85517,CLLI
85518,CLLI
85520,CLLI
85521,CLLI
85523,CLLI
85524,CLLI
85525,CLLI
85527,CLLI
85532,CLLI
85533,CLLI
85535,CLLI
85536,CLLI
85538,CLLI
85539,CLLI
85540,CLLI
85548,CLLI
85549,CLLI
85553,CLLI
85564,CLLI
85570,CLLI
85571,CLLI
85593,CLLI
85593,CBRU
85593,CARA
85598,CLLI
85607,CBRU
85611,CLLI
85612,CLLI
85613,CLLI
85615,CLLI
85615,CBRU
85622,CLLI
85623,CLLI
85628,CLLI
85628,CBRU
85629,CLLI
85631,CLLI
85636,CLLI
85650,CLLI
85655,CBRU
85655,CLLI
85659,CLLI
85665,CLLI
85670,CBRU
85670,CLLI
85671,CLLI
85672,CLLI
85679,CLLI
85681,CLLI
85681,CBRU
85692,CLLI
85693,CLLI
85695,CBRU
85695,CLLI
85703,CLLI
85704,CEST
85705,CLLI
85706,CLLI
85711,CSOR
85721,CLLI
85731,CBRU
85731,CLLI
85741,CLLI
85743,CLLI
85747,CBRU
85754,CLLI
85756,CLLI
85765,CLLI
85767,CLLI
85772,CLLI
85777,CLLI
85777,CCAS
85781,CLLI
85783,CORG
85787,CFON
85787,CORG
85787,CMAS
85787,CBRU
85787,CTRE
85787,CLLI
85787,CEST
85787,CARA
85787,CPAL
85797,CLLI
85799,CLLI
85804,CLLI
85808,CLLI
85809,CLLI
85810,CLLI
85810,CBRU
85812,CLLI
85837,CLLI
85862,CLLI
85865,CBRU
85870,CLLI
85874,CLLI
85877,CLLI
85882,CLLI
85898,CLLI
85907,CLLI
85916,CLLI
85928,CLLI
85931,CLLI
85933,CLLI
85938,CLLI
85941,CLLI
85942,CLLI
85948,CLLI
85951,CARA
85951,CLLI
85960,CLLI
85970,CLLI
85974,CBRU
85974,CLLI
85975,CLLI
85976,CLLI
85977,CLLI
85985,CLLI
85989,CTRE
85990,CTRE
85992,CLLI
85994,CLLI
85995,CLLI
85997,CLLI
86002,CLLI
86004,CLLI
86005,CLLI
86006,CLLI
86008,CLLI
86014,CLLI
86015,CLLI
86017,CLLI
86019,CBRU
86019,CLLI
86021,CLLI
86031,CLLI
86032,CLLI
86033,CARA
86033,CTRE
86045,CTRE
86045,CLLI
86064,CTRE
86075,CLLI
86091,CLLI
86093,CLLI
86097,CBRU
86097,CLLI
86098,CLLI
86098,CBRU
86100,CLLI
86110,CLLI
86110,CBRU
86110,CTRE
86110,CARA
86123,CLLI
86123,CBRU
86128,CLLI
86134,CLLI
86137,CLLI
86138,CBRU
86140,CLLI
86143,CLLI
86148,CLLI
86153,CLLI
86156,CLLI
86162,CLLI
86166,CLLI
86168,CBRU
86168,CLLI
86171,CLLI
86172,CLLI
86185,CLLI
86187,CLLI
86188,CLLI
86193,CLLI
86193,CBRU
86193,CEST
86193,CORI
86193,CORG
86193,CSOR
86193,CCAS
86193,CFON
86193,CARA
86194,CLLI
86198,CLLI
86198,CBRU
86213,CLLI
86214,CLLI
86214,CCAS
86215,CLLI
86223,CLLI
86224,CLLI
86224,CBRU
86224,CTRE
86224,CARA
86225,CLLI
86233,CTRE
86233,CEST
86234,CLLI
86235,CLLI
86236,CLLI
86237,CEST
86237,CTRE
86237,CORG
86237,CLLI
86240,CLLI
86253,CLLI
86255,CLLI
86257,CLLI
86257,CTRE
86274,CLLI
86286,CLLI
86289,CLLI
86291,CBRU
86291,CLLI
86296,CLLI
86296,CBRU
86299,CLLI
86310,CLLI
86315,CLLI
86316,CARA
86316,CTRE
86316,CLLI
86316,CBRU
86317,CBRU
86317,CLLI
86323,CLLI
86323,CCAS
86325,CCAS
86325,CLLI
86332,CLLI
86334,CLLI
86340,CLLI
86341,CBRU
86341,CLLI
86350,CLLI
86351,CLLI
86352,CLLI
86354,CLLI
86355,CLLI
86356,CLLI
86361,CLLI
86363,CLLI
86381,CLLI
86385,CLLI
86386,CBRU
86386,CLLI
86400,CLLI
86404,CLLI
86420,CBRU
86420,CLLI
86430,CLLI
86436,CLLI
86438,CLLI
86443,CLLI
86464,CLLI
86474,CLLI
86478,CBRU
86478,CLLI
86480,CSOR
86480,CLLI
86482,CLLI
86492,CORG
86503,CLLI
86510,CLLI
86511,CLLI
86517,CLLI
86532,CBRU
86532,CLLI
86535,CLLI
86536,CLLI
86537,CLLI
86538,CBRU
86538,CLLI
86542,CLLI
86543,CLLI
86551,CARA
86551,CTRE
86551,CEST
86551,CORG
86551,CLLI
86551,CBRU
86551,CMAS
86551,CPAL
86552,CLLI
86553,CLLI
86553,CCAS
86576,CEST
86579,CLLI
86580,CBRU
86580,CLLI
86580,CEST
86582,CLLI
86583,CLLI
86594,CLLI
86594,CBRU
86594,CTRE
86595,CLLI
86596,CLLI
86597,CLLI
86597,CBRU
86601,CLLI
86601,CCAS
86604,CLLI
86607,CLLI
86609,CLLI
86612,CLLI
86618,CLLI
86620,CLLI
86626,CLLI
86627,CLLI
86629,CLLI
86631,CBRU
86631,CLLI
86632,CLLI
86637,CLLI
86638,CLLI
86640,CBRU
86640,CLLI
86647,CLLI
86647,CBRU
86658,CLLI
